{"cameraMode":{"drawMode":0,"name":"Shaded","section":"Shading Mode"},"sceneLighting":false,"audioPlay":false,"sceneViewState":{"showFog":true,"showMaterialUpdate":false,"showSkybox":true,"showFlares":true,"showImageEffects":true,"showParticleSystems":true},"in2DMode":false,"pivot":{"x":0.4236859381198883,"y":2.2820310592651369,"z":2.0817267894744875},"rotation":{"x":0.22542804479599,"y":-0.011691076681017876,"z":0.002705032704398036,"w":0.9741891026496887},"size":3.10968279838562,"orthographic":true}