{"cameraMode":{"drawMode":0,"name":"Shaded","section":"Shading Mode"},"sceneLighting":false,"audioPlay":false,"sceneViewState":{"showFog":true,"showMaterialUpdate":false,"showSkybox":true,"showFlares":true,"showImageEffects":true,"showParticleSystems":true},"in2DMode":false,"pivot":{"x":0.0015850067138671876,"y":13.546871185302735,"z":1.1129465103149415},"rotation":{"x":0.0434311106801033,"y":0.668328583240509,"z":-0.03914189711213112,"w":0.7415655255317688},"size":19.00018882751465,"orthographic":true}