{"cameraMode":{"drawMode":0,"name":"Shaded","section":"Shading Mode"},"sceneLighting":false,"audioPlay":false,"sceneViewState":{"showFog":true,"showMaterialUpdate":false,"showSkybox":true,"showFlares":true,"showImageEffects":true,"showParticleSystems":true},"in2DMode":false,"pivot":{"x":-0.41758042573928835,"y":0.6929398775100708,"z":1.3594658374786378},"rotation":{"x":0.027319537475705148,"y":-0.3689036965370178,"z":0.010846169665455819,"w":0.9290075898170471},"size":1.3545054197311402,"orthographic":true}