{"cameraMode":{"drawMode":0,"name":"Shaded","section":"Shading Mode"},"sceneLighting":false,"audioPlay":false,"sceneViewState":{"showFog":true,"showMaterialUpdate":false,"showSkybox":true,"showFlares":true,"showImageEffects":true,"showParticleSystems":true},"in2DMode":false,"pivot":{"x":0.4116755425930023,"y":1.6407581567764283,"z":-0.5026057958602905},"rotation":{"x":0.20503608882427216,"y":-0.5866109728813171,"z":0.15667930245399476,"w":0.7676578760147095},"size":3.2702572345733644,"orthographic":true}