{"cameraMode":{"drawMode":0,"name":"Shaded","section":"Shading Mode"},"sceneLighting":false,"audioPlay":false,"sceneViewState":{"showFog":true,"showMaterialUpdate":false,"showSkybox":true,"showFlares":true,"showImageEffects":true,"showParticleSystems":true},"in2DMode":false,"pivot":{"x":0.06011664867401123,"y":1.0826197862625123,"z":1.009722113609314},"rotation":{"x":0.1003243699669838,"y":-0.01194056961685419,"z":0.0012022830778732896,"w":0.9948855042457581},"size":1.2613199949264527,"orthographic":true}