{"cameraMode":{"drawMode":0,"name":"Shaded","section":"Shading Mode"},"sceneLighting":false,"audioPlay":false,"sceneViewState":{"showFog":true,"showMaterialUpdate":false,"showSkybox":true,"showFlares":true,"showImageEffects":true,"showParticleSystems":true},"in2DMode":false,"pivot":{"x":-0.4332902431488037,"y":1.187089443206787,"z":0.28957781195640566},"rotation":{"x":0.15388678014278413,"y":-0.0000014411486972676358,"z":-0.0000018195494249084732,"w":0.9880910515785217},"size":0.7965163588523865,"orthographic":true}