{"cameraMode":{"drawMode":0,"name":"Shaded","section":"Shading Mode"},"sceneLighting":false,"audioPlay":false,"sceneViewState":{"showFog":true,"showMaterialUpdate":false,"showSkybox":true,"showFlares":true,"showImageEffects":true,"showParticleSystems":true},"in2DMode":false,"pivot":{"x":-0.19253507256507874,"y":0.6841870546340942,"z":0.5779249668121338},"rotation":{"x":0.15626868605613709,"y":0.08493126183748245,"z":-0.01348846685141325,"w":0.983964741230011},"size":0.7128807902336121,"orthographic":true}