{"cameraMode":{"drawMode":0,"name":"Shaded","section":"Shading Mode"},"sceneLighting":false,"audioPlay":false,"sceneViewState":{"showFog":true,"showMaterialUpdate":false,"showSkybox":true,"showFlares":true,"showImageEffects":true,"showParticleSystems":true},"in2DMode":false,"pivot":{"x":0.07097907364368439,"y":0.2482675313949585,"z":1.1460623741149903},"rotation":{"x":0.40010571479797366,"y":-0.057677458971738818,"z":0.025240104645490648,"w":0.9143046140670776},"size":0.7446312308311462,"orthographic":false}