{"cameraMode":{"drawMode":0,"name":"Shaded","section":"Shading Mode"},"sceneLighting":false,"audioPlay":false,"sceneViewState":{"showFog":true,"showMaterialUpdate":false,"showSkybox":true,"showFlares":true,"showImageEffects":true,"showParticleSystems":true},"in2DMode":false,"pivot":{"x":-0.07463663816452027,"y":1.005610466003418,"z":0.9707237482070923},"rotation":{"x":0.1197107583284378,"y":-0.005958293564617634,"z":0.000716352486051619,"w":0.9927943348884583},"size":0.5346633791923523,"orthographic":true}