{"cameraMode":{"drawMode":0,"name":"Shaded","section":"Shading Mode"},"sceneLighting":false,"audioPlay":false,"sceneViewState":{"showFog":true,"showMaterialUpdate":false,"showSkybox":true,"showFlares":true,"showImageEffects":true,"showParticleSystems":true},"in2DMode":false,"pivot":{"x":-0.24083679914474488,"y":1.0097965002059937,"z":1.0873111486434937},"rotation":{"x":0.2008943259716034,"y":-0.3858238458633423,"z":0.08648030459880829,"w":0.8962713479995728},"size":0.8287622332572937,"orthographic":true}