{"cameraMode":{"drawMode":0,"name":"Shaded","section":"Shading Mode"},"sceneLighting":false,"audioPlay":false,"sceneViewState":{"showFog":true,"showMaterialUpdate":false,"showSkybox":true,"showFlares":true,"showImageEffects":true,"showParticleSystems":true},"in2DMode":false,"pivot":{"x":-0.42583006620407107,"y":0.7272235751152039,"z":1.1826329231262208},"rotation":{"x":0.19397087395191194,"y":-0.24854592978954316,"z":0.050872333347797397,"w":0.9476402401924133},"size":0.3238765001296997,"orthographic":true}