{"cameraMode":{"drawMode":0,"name":"Shaded","section":"Shading Mode"},"sceneLighting":false,"audioPlay":false,"sceneViewState":{"showFog":true,"showMaterialUpdate":false,"showSkybox":true,"showFlares":true,"showImageEffects":true,"showParticleSystems":true},"in2DMode":false,"pivot":{"x":-0.5407361388206482,"y":1.5458585023880005,"z":0.5145981907844544},"rotation":{"x":-0.010489868931472302,"y":-0.04348389431834221,"z":-0.00045666348887607455,"w":0.9989991784095764},"size":1.1498178243637086,"orthographic":true}