{"cameraMode":{"drawMode":0,"name":"Shaded","section":"Shading Mode"},"sceneLighting":false,"audioPlay":false,"sceneViewState":{"showFog":true,"showMaterialUpdate":false,"showSkybox":true,"showFlares":true,"showImageEffects":true,"showParticleSystems":true},"in2DMode":false,"pivot":{"x":-0.1086004376411438,"y":3.165738105773926,"z":-2.44661808013916},"rotation":{"x":0.2208901345729828,"y":-0.08035678416490555,"z":0.01826488971710205,"w":0.9718108773231506},"size":5.414814472198486,"orthographic":true}