{"cameraMode":{"drawMode":0,"name":"Shaded","section":"Shading Mode"},"sceneLighting":false,"audioPlay":false,"sceneViewState":{"showFog":true,"showMaterialUpdate":false,"showSkybox":true,"showFlares":true,"showImageEffects":true,"showParticleSystems":true},"in2DMode":false,"pivot":{"x":-0.12012863159179688,"y":0.8714901208877564,"z":1.543108344078064},"rotation":{"x":0.1653098315000534,"y":-0.07035139203071594,"z":0.011822069063782692,"w":0.9836596846580505},"size":0.6060525178909302,"orthographic":true}