{"cameraMode":{"drawMode":0,"name":"Shaded","section":"Shading Mode"},"sceneLighting":false,"audioPlay":false,"sceneViewState":{"showFog":true,"showMaterialUpdate":false,"showSkybox":true,"showFlares":true,"showImageEffects":true,"showParticleSystems":true},"in2DMode":false,"pivot":{"x":-0.4498741030693054,"y":1.1130746603012086,"z":0.4451497793197632},"rotation":{"x":0.14623352885246278,"y":0.05635490268468857,"z":-0.008343925699591637,"w":0.9876096844673157},"size":0.5237206220626831,"orthographic":true}