{"cameraMode":{"drawMode":0,"name":"Shaded","section":"Shading Mode"},"sceneLighting":false,"audioPlay":false,"sceneViewState":{"showFog":true,"showMaterialUpdate":false,"showSkybox":true,"showFlares":true,"showImageEffects":true,"showParticleSystems":true},"in2DMode":false,"pivot":{"x":-0.12060460448265076,"y":1.1893547773361207,"z":-0.0978860855102539},"rotation":{"x":0.15979087352752686,"y":-0.016288693994283677,"z":0.0026352563872933389,"w":0.9870162010192871},"size":1.0330501794815064,"orthographic":true}