{"cameraMode":{"drawMode":0,"name":"Shaded","section":"Shading Mode"},"sceneLighting":true,"audioPlay":false,"sceneViewState":{"showFog":true,"showMaterialUpdate":false,"showSkybox":true,"showFlares":true,"showImageEffects":true,"showParticleSystems":true},"in2DMode":false,"pivot":{"x":-0.27604612708091738,"y":1.1292766332626343,"z":0.0024280548095703127},"rotation":{"x":0.05068910866975784,"y":-0.1061609610915184,"z":0.005418551620095968,"w":0.9930434226989746},"size":1.2129402160644532,"orthographic":true}